,review
0,M√°gico lugar donde las noches estrelladas iluminan el infinito y la tranquilidad del mar invitan a disfrutarlo de noche. Buena gastronom√≠a marina y el alojamiento a mejorado. Ha crecido su poblaci√≥n artesanal. Vale repetir y dejarse envolver en un atardecer.
1,"Excelente ciudad, gente aseada y amable, gastronom√≠a espectacular, majestuosas playas, no tan costoso. Gente segura,  gente amable, Llegamos al hotel riohacha es un hotel modesto pero s√∫per central y econ√≥mico, el tel√©fono de all√≠ es calle 15 n√∫mero 5-26 tel√©fono 7291190 con el indicativo de riohacha,   ah√≠ mismo en riohacha unas playas espectaculares, la comida es deli, recomendadisimo el restaurante rancho del sol la direcci√≥n carrera 12 5-40,. En la esquina del restaurante una panader√≠a con los mejores panes, una delicia completa,  todas las carreras en el taxi valen 6.000 , del aeropuerto al hotel 10.000 , para comer s√∫per elegante , deliciosooo la comida, desayunos , el valor 10 desayunos , almuerzos a 15 y es un lugar m√°gico, hay un lugar hermoso para tomar caf√© por el callej√≥n de la brisa, cerca a la playa,  el plan al cabo de la vela y punta gallinas es un poco fuertecito por lo que recomiendo que si o si se deben quedar , los lugares son geniales, playas aseadas, v√≠rgenes, lo esperan a que hagas el tour y te esperan en la camioneta  son s√∫per aseados la comida deliciosa, la persona que nos llev√≥ a uribia fue el se√±or Israel Pe√±alosa n√∫mero de celular 321-5632657 ah√≠ cualquier persona te lleva al cabo  y con qui√©n hicimos el plan de quedarnos en los chinchorros en el cabo de la vela es Marleny n√∫mero 323-4551610. El plan al cabo de la vela lo hicimos con Miqueli o con Marleny. El n√∫mero de Miqueli es 314-530 34 46"
2,"Guajira, en Colombia. Uno de los lugares m√°s hermosos de nuestra nave planetaria. Unas playas como pocas en el mundo largas y espaciosas, un mar de bello color jade y azules claros, arenas blancas, doradas y gris claro. Si recorres te encuentras con tres tipos de territorio desde el verde al desierto con dunas.Territorio de la etnia guayu. Alojamiento para todos los gustos y tipos de aventura. Para deportes acu√°ticos.Se convirti√≥ en mi favorita."
3,"Hola quiero hacer una peque√±a rese√±a lo mas bonito de todo el paseo son los paisajes , pero si hay algo verdaderamente hermoso es ver la cara de felicidad de los ni√±os wayuu cuando reciben cualquier regalo de parte de los turistas , van a encontrar por todo el camino much√≠simos puntos d√≥nde salen los ni√±os corriendo hacia los carros a pedirles cosas .las personas pensaran que quieren dinero pero la verdad es que ellos solo esperan que ud les lleve cualquier tipo de confetis o caramelos esos los van apreciar m√°s que cualquier billete de 50mil puesto que con eso se quedan las personas mayores entonces los que tengan la oportunidad de viajar a la alta guajira c√≥mo fue m√≠ caso les pido ese favor ; antes de arrancar de cualquier punto compren paquetes de dulces , botellitas de agua,galletas o cosas de comer para darle a esos ni√±os .""no los entreguen todos al principio porque los ni√±os van a estar de principio a fin del viaje."
4,"Paisajes espectaculares, mar, brisa, playa y hospitalidad. Un lugar que sin duda debes visitar, y despu√©s de eso querr√°s regresar. Recomendado el Ojo del Agua y el atardecer en el Faro."
5,"Es un sitio digno de conocer. Despu√©s de haber contratado unos gu√≠as con moto para recoger,  playa arco√≠ris,  ojo del agua,  y el pil√≥n de Az√∫car con su playa terminamos por el Faro. Hay que estar all√≠ a partir de las17h30 hasta las 18h00 para ver el sol esconderse en el mar. La √∫nica pega es que hay mucha gente pero  realmente vale la pena.  "
6,"Es un lugar hermoso de mi Colombia, viajar en familia o solo, lo m√°ximo. Lo hicimos por Macuira Tours, no hay necesidad de reservar en temporada media, alojamiento en Rancher√≠a Utta, libre de bichos, hasta de moscas, en la noche se duerme tranquilo. La alimentaci√≥n es buen√≠sima, sana con toda la higiene del caso.  las caminadas por all√≠ no son dificiles, inclusive hasta Punta Gallinas a pesar de que sufro de rodillas, caminar preferiblemente en tenis c√≥modos, para subir a Ojo de agua, el Pil√≥n, y al Faro. Por favor llevar alg√∫n presente (galletas, mecato) para ni√±os Wayuu que salen en cantidades por el camino, en Uribia se consigue Paquetes de panes especiales con dulce de guayaba y las bolsas de agua personales, muy favorables de 50 unidades. No es suficiente lo que se lleve, se pueden quedar corticos, se viene uno con una satisfacci√≥n muy grande de llevar alguna alegr√≠a a estas familias (v√≠a para Punta Gallinas la necesidad, es m√°s) se hace necesario llevar medicamentos en caso de dolores o alg√∫n imprevisto que se presente (diarrea)."
7,"Nos quedamos en Uribia en el Hotel Villa Maria ,a la ma√±ana siguiente tomamos un Tour con Mochileros.com salimos al  Cabo de la Vela, nos ba√±amos en la playa y a las 2 pm salimos ha recorrer en Camioneta 4x4 los 5 puntos.Los paisajes que encontramos son de ensue√±o y de playas ex√≥ticas, volver√≠a otra vez. Ese mismo d√≠a nos regresamos a Uribia, pero la gran mayor√≠a de personas se quedan en Hamacas y al otro dia viajan a punta Gallinas.Recomendaciones ir con gu√≠as de la zona y llevar agua, en la Guajira es muy escasa, tambi√©n llevar Lomotil por si ocurre un mal de estomago."
8,"Hola viaje desde el hotel Wayira hasta el cabo de la vela, fue de pasa diaLo Positivo, es un lugar hermoso, lindos paisajes, conoces la realidad de la Guajira, es un viaje para aventurar.Lo negativo, la seguridad viajamos escoltados por la polic√≠a debido que en ocasiones asaltan los carros, el tiempo casi 3 horas desde la guajira, en el viaje de pasadia fueron 7 horas en el bus, mucho tiempo par aun paseo de menos de 12 horas"
9,Hermoso y majestuoso lugar. Con playas ex√≥ticas aguas calidas y de marea suave. Donde puedes disfrutar de refrescos mientras te deslumbras con sus paisajes
10,"lo mejor para realizar el tour y previniendo riesgo de contagio , es f√°cil alquilar una lancha para la familia y el preso me parece justo..usted escoge el horario y pasas un d√≠a agradable, qued√°ndoselos el tiempo que uno quiere."
11,"No vale la pena ir a Johnny Cay,  por las siguientes razones1- Los lancheros se nota que est√°n en la guerra del centavo te llevan muy rapido, cuando llegas totalmente desesperados porque el turista se baje, a algunos los tiran como animales (no aconsejo llevar adultos mayores).2- La comida malisima, un pescado seco,sin sabor,un arroz mal hecho y para completar un precio altamente elevado por un plato que no vale la pena pagar por lo mal hecho que lo preparan.3-Contaminaci√≥n total, aglomeraciones por todo lado4-Las personas que viven del turismo en el sitio buscan como aprovecharse del turista y como estafarlo (tiene un servicio de ba√±o que vale dos mil pesos, tomas el servicio, encuentras un ba√±o totalmente sucio, en mal estado y para colmo de males, sales del ba√±o y te dicen que son diez mil pesos, te sientes estafado y un lio para que te devuelva la plata.Por est√°s y mas razones ir a johnny cay no vale la pena pagar la gana"
12,"Es un sitio natural divino, el cierre durante la pandemia, ayudo para reforestar y ver como crecio el pasto las palmeras y el mar de los 7 colores que siempre sera unico.ver como hay mas iguanas hermosas, lo unico es que ojala culminen el muelle para que el desembarco de las lanchas sea mejor en especial para las personas con alguna incapacidad fisica o personas mayores.me gusta que ahora hay aforo para estar en la isla y no se llene tanto como antes.El almuerzo esta como siempre, muy rica la sierra y es buena cantidad valor $35.000, cada almuerzo."
13,"Le dar√≠a una calificaci√≥n de 4-5 estrellas por el incre√≠ble Caribe, cuyas tonalidades en esta √°rea brindan una experiencia espectacular, si no fuera por la contaminaci√≥n que es un problema que parece estar en la gran mayor√≠a de Colombia. Adem√°s la basura y pl√°stico con el cual uno se ropa mientras camina por la isla, tambi√©n hay que tener mucho CUIDADO pedazos de VIDRIO EN LA ARENA proveniente de botellas de cerveza....una lastima... Adem√°s, seg√∫n lo que pude ver, los turistas, la gran mayor√≠a colombianos, no cuidan de la fauna. Digo esto por qu√© v√≠ a un SE√ëOR con acento paisa JALAR fuertemente a una IGUANA POR LA COLA....lo peor es que las empresas tur√≠sticas se enfocan en enfatizar lo que tienen disponible para venderte y no hacen menci√≥n a que se debe cuidar el medio ambiente."
14,"Un lugar completamente hermoso, con un mar bastante cristalino y hermosos colores, aunque es peque√±a la isla es bastante organizada y con variedad de fauna , se pueden apreciar aves y las hermosas iguanas por toda la isla"
15,"NO NO NO Y NO   si estas en San Andres, ir a Jhonny Cay y las dem√°s ""actividades"" es una basura y perdida de tiempo y Dinero amigo turista, las razones a continuaci√≥n :1. El famoso Jhonny Cay tiene las mismas playas de SAN Andr√©s - bellas por su puesto "" PERO mucho m√°s peque√±as, entonces para que ver lo mismo por m√°s dinero.2. Ir a Jhonny Cay es ir a que te saquen m√°s dinero del que ya pagaste por menos... La comida que te ofrecen ser√°: pescado super normal, mojarra y robalo pero a $40.000 pesos... QUE ES ESO MOJARRA CON PAPA FRITA Y LIM√ìN A $40.000 Pesos. 3. SI CREES EN LA PANDEMIA DEL COVID 19 NO VAYAS A JHONNY CAY... ALL√ç LOS OPERARIOS Y QUIENES VAN, NO USAN TAPABOCAS, HAY AGLOMERACIONES Y NO HAY NINGUNA AUTORIDAD.4. Va contigo una persona adulta, con movilidad limitada o un ni√±o? NO VAYAS A JHONNY CAY, en un sitio tur√≠stico a revosar de turistas no hay NADA Pensado en los turistas,pr√°cticamente tienes que botarte de la lancha, ya ver√°s tu que pasa con los adultos mayores o ni√±os. 5. Consideras que el ruido es tuyo y el silencio debe ser de todos? NO VAYAS A JHONNY CAY! Tus colegas turistas llevaran bafles para poner a todo volumen el haber podido comprar con que los escuchen sus √©xitos econ√≥micos... Ruido por doquier.6. Te prometen avistamiento de ""mantaraya"" pueh aja, mira aqu√≠ hay uno, pagame pa que te tome una foto... UNA pobre matanraya, atrapada por el gu√≠a tur√≠stico para que la vean, manoseen y tomen fotos los 10000 turistas... Una verg√ºenza y a su vez... Sent√≠ una pena por el animal7. Entre una movilizaci√≥n y otra... h√°bilmente el gu√≠a les dice a los del bote que van contigo : ""eche pog jinco barra log llevo a mir√° la barrera de corale"" todos SIEMPRE extrosionados por ser aburritos van a pagar y cual es la barrera coralina... NADA... No va a ver nada sino lo mismo que ver en la isla.En resumen... Una basura, perdida de tiempo y dinero ir a Jhonny cay"
16,P√©simo almuerzo han pasado 10 a√±os de esta situaci√≥n y hoy 10 junio 2021 no cambia.. Nadie regula esta terrible atenci√≥n.. Una bandeja mal servida en 40 mil pesos.... No jodaaa... Por favor.. Lleven su almuerzo... Y estar√°n m√°s conformes... Despu√©s no digan que que no te avisamos.. Is true
17,"Un lugar paradis√≠aco perfecto para tomar hermosas fotos, descansar y disfrutar del paisaje. Lastimosamente no hizo buen clima cuando fuimos y no disfrutamos nadando. Pero es hermoso."
18,"Para ser tan nombrada, tur√≠stica, y lo que cobranpor entrar le falta mucha adecuaci√≥n en especial el muelle, se torna peligroso para bajar o subir se√±oras, adultos etc. y por el viento el agua es agitada. Me pareci√≥ lindo y curioso el centro de la isla con pasto! Y las iguanas muy llamativas. Vale la pena estar un par de horas para recorrer y b√°sicamente estar en el mar ya que no hay mucho por hacer, el almuerzo es sabroso (mejor reservarlo antes de medio d√≠a) eso si cada plato a 35 mil pesos aproximadamente sin bebidas. Mi calificaci√≥n es porque el nativo es interesado y apenas llegas son los mas amables y chistosos, y a medida que avanza la jornada con la llegada de mas turistas pasan a solo cobrarte por cada cosa que preguntas olvidando la buena atenci√≥n con la que te llevan a sus kioskos para que compres apenas llegas, se que pasa en muchos lados pero este fue muy notorio y aburridor, pero como la isla no tiene la culpa debo admitir que fue genial conocerla."
19,"No hay muelle para desembarcar, tienen monopolio en los costos de la comida, sillas y demas ! ....Hay mejores sitios con menos dinerony mejor experiencia "
20,"üåä En #Palomino... ¬°la naturaleza cobra su deuda!Palomino ya no tiene playas. La erosi√≥n, la destrucci√≥n de los manglares y la construcci√≥n de hoteles de manera excesiva, desordenada y sin control son los responsables de esta situaci√≥n. Las playas de Palomino ahora son muros de contenci√≥n, que pronto el mar tambi√©n se llevar√°."
21,"El lugar tiene un encanto especial que de acuerdo a los estilos de vacaciones y objetivos puede resultar fascinante o decepcionante. Es un pueblo peque√±o de calles de tierra muy irregulares, que cuando llueve se inundan formando pozones o pozas. Para los que buscan algo rustico de regular acceso y no urbanizado puede resultar una experiencia atractiva, ya que una recorrida en moto bajo la lluvia resultar√° toda una aventura. Pero si no quieres mojarte ni embarrarte, este no es tu lugar. La playa es bonita, de acceso por unos estrechos senderos, aunque muy angosta y casi desaparece durante la marea alta, por lo que no puedes ir y regresar por la misma si pretendes solo caminar. La vegetaci√≥n en muchos lugares llega hasta la playa, en parte con palmeras, lo que le da un encanto especial. Respecto al mar es tibio, definitivamente agitado, apto para nadar aunque predominan los surfers,  no soy experto, pero no he visto olas tubo, solo en peque√±os tramos. La gente es muy amable y el sitio lo hemos sentido seguro. En resumen, si buscas aventura y un lugar m√°s cercano a la naturaleza, rustico y no buscas comodidades, el lugar te va a encantar. Si buscas una playa de agua transparente y tranquila, para bucear, amplia, donde llegues con tu carro, que tenga malec√≥n o costanera para pasear y estacionar sobre asfalto en un Parqueadero, y no te embarres ni ensucies si llueve, no es el lugar que te interesa."
22,"Realizamos el tour al cabo de la vela y a palomino, excelente fue una aventura increible, recomendamos a la empresa KAYMMAR TOURS, 3045715505. Muy buen servicio cumplidos, muy buenas camionetas y exclusivas para cada grupo familiar, gracias"
23,"Incre√≠ble como han invadido la playa, en el 2015 era un lugar para caminar por toda la playa, pero la sobre poblaci√≥n y construcci√≥n de hoteles y hostales han ido acabando con la playa, tanto que hay hoteles que ya no tiene playa y hay que pasar de hotel en hotel por encima de los muros. Quedo triste al ver c√≥mo un lugar tan m√°gico fue invadido de esta manera, se ha ido acabando, Si visitas Palomino por lo menos se responsable con tu basura y con el consumo. "
24,"Fue algo muy regular, muy dejado, por todo lado hab√≠a basura, las olas est√°n bien, pero en realidad no es nada c√≥modo estar en la playa :("
25,"excelente conexi√≥n, mar, rio y sierra nevada en algunas ocaciones el mar se crece por el cambio de la luna, pero aun asi es fantastico‚ù§Ô∏è"
26,"Palomino tiene un encanto en cada lugar que se recorra. Su simpleza como destino tur√≠stico es su mayor encanto. Su mar, con un intenso oleaje y sus extensas playas, complementadas con dos r√≠os y muchas actividades hacen un lugar para el descanso y el trabajo remoto. "
27,"El mar se comi√≥ la playa , la mayor√≠a de los hoteles son lugares s√≥lo de rumba, si quieres descansar no es el lugar. "
28,"Las playas en palomino no son muy buenas, no tienen un buen espacio en la arena y el oleaje es fuerte por lo que para estar en el mar tampoco es chevere"
29,"Me encanto es lugar ... lejos de grandes ciudades tur√≠sticas, olas üåä fuertes .. recomendado la parte donde se une el r√≠o con el mar .. si vienes con ni√±os o adultos mayores hay que tener precauci√≥n.. poco vendedor ambulante es un lugar acogedor con varias opciones para comer ( hay que buscar) sLugar seguro "
30,"A pesar de que efectivamente es una hermosa playa, los servicios son pobres muy desordenados.  Las lanchas atracan en el mismo lugar donde est√°n los ba√±istas, llenando todo de humo y olor a gasolina.  Los restaurantes sirven una excelente comida pero en espacios deplorables.  La atenci√≥n en los restaurantes, el transporte, etc. carece de vocaci√≥n de servicio y debes soportar incluyo malos tratos.  En mi opini√≥n, no vale la pena el esfuerzo y el costo de llegar hasta all√≠."
31,"Es una pena el estado los locales tiene las lindas playas. Basura por todos lados, olores desagradables, much√≠sima gente y vendedores ambulantes que llegan como m√≠nimo cada 5-10 minutos. Para nada recomendado.Ojal√° los locales tomaran conciencia que este lugar podr√≠a ser un para√≠so."
32,"Sin duda alguna Bar√∫ es catalogado como un paraiso, claro est√° si no estuvieran los cientos de vendedores ofreciendo cada 30 segundos, el basurero que ocultan tras las casetas, los mototaxistas insistiendo a llevarte, el arreglo que hacen para no poder ingresar y obligatoriamente caminar o tomar esas motos.Se encuentran contadas personas que valen la pena y sacan la cara por este lugar, pero en general es desastroza la experiencia.Olvidaba decir los de las motos acuaticas y botes que no importa que est√©s en el mar o en la orilla para pasar a contados metros de ti.Gasta un poco m√°s y ve a una playa privada."
33,"El mar es exquisito, color turquesa hermoso. Pero: el acoso de los vendedores es insoportable, no se van cuando les dices que ""no"", empiezan a lamentarse que no han vendido nada,  que s√≠ les compras estar√°s ayudando a una familia, que te hicieron el favor de cuidar tus cosas, etc. Adem√°s vienen uno tras otro, sobretodo si ven que compraste algo. Otra cosa es que los locales comerciales est√°n al borde del agua en la playa, como es en todas las playas publicas, abarrotadas de gente del lugar, es decir, no estar√°s tranquilo en tu reposera, estar√°s rodeado por todos lados de gente y de vendedores pasando de un lado a otro,  yo estuve preocupado todo el d√≠a por mis cosas. La oferta gastronomica es limitada y de calidad media. Los vendedores venden caro y est√°n dispuestos a gastarse el d√≠a negociando, lo que da√±a tu dia. Los vendedores de arriendo de motos de agua pasan entre la gente en el agua. En fin,  p√©sima experiencia, no visites Baru ni playas publicas. Gastate un poco y paga una playa privada en Tierra Bomba o en el Archipielago del Rosario, al final te sale m√°s barato y disfrutaras tu d√≠a,  lo cual es mucho m√°s valioso. "
34,El motivo es el desesperante acoso de los vendedores. Cuando le√≠ los opiniones de viajeros cre√≠ que exageraban pero por el contrario fue mucho peor de lo que le√≠. 
35,"La parte de atr√°s de las playas, lleno de basura, los nativos no limpian sus casas. La carretera esta llena de barro y los vendedores no dejan de ofrecer cosas, Es una experiencia muy negativa. Las lanchas en la playa no dejan disfrutar del lugar."
36,"La playa muy bonita, agua Cristalina y arena blanca. El problema es el mismo que todas las dem√°s rese√±as: ‚Äúlos vendedores ambulantes‚Äù y son los que convierten un paseo maravilloso en un mal rato y una experiencia para no volver m√°s nunca. Incre√≠ble que antes de llegar se le tiran al carro para detenerlo y poder venderte alg√∫n paquete, nos toc√≥ dos veces frenar en seco para no atropellar a los vendedores. Incre√≠ble que arriesguen su vida para venderte un almuerzo o unas esterillas de playa. Hacen que el turista vaya una sola vez y no m√°s."
37,"Tiene unas vistas incre√≠bles, las reposeras, las camas y los paradores son muy pintorescos. Los ba√±os son muy precarios pero zafan algunos por estar muy limpios."
38,"Cartagena es muuuy hermosa! Pero se ve siempre opacado por los vendedores, en la playa o centro donde sea. Uno termina cansado de tanto acoso. No recomendar√≠a venir por ese motivo. Es demasiado. "
39,"Baru es precicio, todas sus playas y conserva su pueblo region. No me gsto es que los lugare√±os o no acosan constantemente y todo es $$$, desde estacionar. Es mas barato y relajante contratar un tour o quedarse en uno de los lugar para pasar unos dias. La playa son muy bonitas al igual que para hacer snorkel."
40,"playas Hermosas, y los precios muy c√≥modos, felicitaciones, muy recomendadas para viajar en familia con ni√±os"
41,Playa Cristal est√° ubicada en el Parque Nacional Natural Tayrona. El recorrido es aprox. 60 minutos en autom√≥vil o bus desde Santa Marta y despu√©s aprox. 10 minutos en lancha desde Neguanje. Excelente lugar para practicar snorkel.
42,"Es obligatorio conocer esta hermosa playa del Tayrona.   La mejor.   Playas cristalinas, bien organizada, muy recomendada"
43,"Al llegar a la playa, la aglomeraci√≥n era barbara, mucha gente, nos acomodaron a mi hija , mi esposo y yo, debajo de un arbol en una mesa, pues no hab√≠a espacio en carpas, pedimos el almuerzo, cometiendo el gran error de no preguntar el precio, pens√°bamos que era mas o me os a $20.000 que era el precio que hab√≠amos pagado en otra playa, oh! sorpresa cuando nos traen la cuenta, el almuerzo a $40.000, pi√±a colada a $30.000, casi ni comimos porque estaba bien feo el almuerzo, y muy demorado tambi√©n, un pescado frito, arroz de coco y ensalada, a las 3:00 pm empez√≥ a irse mucha gente, quedamos con un lanchero que nos recog√≠a a las 5:00 pm, y eran las 5:40 pm y nadie ven√≠a por nosotros, toc√≥ buscar a un mesero y decirle que nos colaborara, ah! el ba√±o? guacalaaaa...NOOOO, un horror."
44,Sin duda alguna una playa hermosa!!!! Aunque se ha vuelto muy costoso ir hasta alli.  Muy limpia y de aguas cristalinas. Esta y Playa Blanca son √±as que mas me han gustado
45,"Hermosa playa en el Parque Tayrona, llegue en lancha desde Taganga, todo bien con eso. Aguas clares y excelente lugar para hacer snorkeling y ba√±arse.El punto negativo es la gente que atiende en el lugar arrendando toldos y sillas, que adem√°s son meseros. Al pedir la cuenta de lo consumido, hab√≠an 20.000 pesos colombianos de m√°s que no hab√≠an sido advertidos previamente y seg√∫n ellos era por el servicio de atenci√≥n. Consulte posteriormente con gente entendida en el tema y todos coincid√≠an que eso fue una estafa."
46,"Puntos positivos:‚Ä¢La playa es hermosa, el color del agua es clara y va cambiando de tonalidad.‚Ä¢Es el lugar para desconectarte ya que no tienes se√±al y puedes disfrutar de la playa y el maravilloso mar.Puntos negativos:‚Ä¢Lleno de lanchas,  y en muy mal estado, para el precio que pagas por un tour no vale la pena.‚Ä¢Mal estado de los ba√±os y duchas, no provoca nada , sucio, desordenado y por si fuera poco te cobran por un p√©simo servicio.‚Ä¢ viajamos por carretera y luego en lancha, el trayecto es un poco largo y cansado ya que el primer tramo son 1 hora aproximadamente hasta llegar al parque tayrona y unas filas üòî largu√≠simas ( y eso que viajamos en temporada baja), despu√©s otros 45 min en carro y luego 10 min en lancha."
47,"Aunque es un poco alejado de la ciudad, vale la pena ir hasta playa cristal,  el agua estaba un poco fria, pero era cristalina y no tenia tanto afluencia de gente.. la disfrutamos demasiado, pudimos hacer careteo  y fue una gran experiencia "
48,"Muy linda, aguas cristalinas, hay olas moderadas y a veces fuertes... Magnifica experiencia, Recomiendo hacer carteje y pagar las foticos de recuerdo, quedan expectaculares."
49,"La playa es hermosa, y no te asedian los vendedores. Los locales muy amables y se pueden ver muchos peces en la zona. Es el m√°s caro de los tours que hice pero vale la pena.El trayecto desde el rodadero toma entre hora o hora y media. En la entrada al Tayrona te realizan una charla acerca de lo que podr√°s encontrar y como comportarte en la playa, adem√°s el ingreso es con un cupo limitado. Por lo anterior los tours siempre son temprano, tipo 5:30 AM te recogen.Asegurate cuando compres el tour de que incluya seguros y almuerzo porque la comida es siempre cara all√° (alrededor de 30 mil  pesos el plato)"
50,"ideal para ir una playa mas tranquila, para disfrutar de unas buenas fotografias al lado de tu familia "
51,"Desafortunadamente esta playa ha desaparecido era de las mas lindas en San Andres, pero el mar ha ido tomando su lugar y ya es muy poco el espacio que queda de playa."
52,"La playa tiene una vista hermosa tiene muchas algas pero la vida marina es muy visible, ves peces, corales y erizos de mar por lo que debes tener mucho cuidado pero es ideal para ense√±arle a los ni√±os esta hermosa maravilla, aguas cristalinas y de muchos colores."
53,"Lo malo: Cuando fuimos hab√≠a una invasi√≥n de sargazo incre√≠ble, a tal punto que cerca de la orilla el agua se tornaba color chocolate.Lo Bueno: Rocky cay tiene la ventaja de no ser tan concurrido. Se consiguen tours a COP 100.000 en los que te llevan 2 horas y media a diferentes puntos para hacer snorkeling. Recomiendo a Junior, es un bac√°n que hace tours para grupos peque√±os o incluso para parejas de forma exclusiva. Lo pueden ubicar con los muchachos que ofrecen planes.En la playa hay unas se√±oras que venden unos churros que son una completa delicia 10/10.No recomiendo ir al islote que queda cerca a la playa, la verdad no hay mucho por hacer ah√≠, aprovechen ese tiempo para hacer otras cosas."
54,"Playa san Luis desapareci√≥ con el hurac√°n del a√±o pasado, pasamos en el recorrido  por la isla y solo se ven rocas, algas, nada de playa"
55,"Nuestra experiencia fue la de una playa menos concurrida que las del centro, frecuentada por isle√±os y con precios mas econ√≥micos que los del centro. Excelente vista de rocky cay, haynes cay. "
56,Playa hermosa y amplia con menos gente que en el centro agradable y con lugares ricos para comer se llega facil con las mulitas
57,"Esta playa es ideal si lo que deseas es tener todo el tiempo una vista linda y tranquila del mar. Hay menos gente que en la playa principal de San Andr√©s, pero el mar golpea un poco mas fuerte."
58,"Fuimos al recorrer la isla en Mula.Es una excelente isla, de √°rea fina, tiene harto oleaje en d√≠as de viento.Hay que visitarla si o si."
59,"Nos alojamos en un departamento en la zona de Playa de San Luis, al sur de la Isla. Esta zona es mas tranquila y menos populosa. Y realmente la disfrutamos plenamente. Aguas calidas y transparentes, arena blanca, y amplitud.La recomiendo!"
60,No te cumplen lo que te venden en el tour.  Se supon√≠a que ten√≠amos carpa aparte y llegamos y nos toc√≥ compartir as√≠ que pagamos plata adicional para estar en una especie de caseta con las colchonetas sucia!! Lo √∫nico que rescatamos es el almuerzo muy rica la mojarra
61,"Mucha gente te ofrece un paquete completo #1 paguen la mitad del tour al principio ,la otra mitad cuando regresen porque sino nadie te responde por el pasaje de regreso#2 busquen solamente lancheros con carnet y si 0ueden guarden por lo menos 2 n√∫meros de celular de las personas del tour#3 recuerden el nombre de la lancha que los lleva , #4 Cosa que pidan cosa que paguen  porque se demor√°n toda la vida en atenderSinceramente hay opciones mejores en Cartagena y sus alrededores"
62,"Estuve en un hotel que se llama palamarito beach, la playa es hermosa, la vista espectacular, la lancha salio muy puntual, el punto bajo fue la comida, el almuerzo que te dan con el paquete de estad√≠a es extremadamente sencillo, a mi parecer es mucho dinero que se paga por un almuerzo que es un tipo  ejecutivo en cualquier restaurante, espere mas."
63,"Una playa peque√±a llena de chiringuitos y locales donde comer o beber algo, ajetreada, donde los vendedores pasan y ofrecen de todo, y con una vista preciosa de Cartagena. Genial. "
64,"Llegamos con un bote que alquilamos, por recomendaci√≥n de los marineros. Quisimos apoyar la cocina de los locales, nos pusieron una mesa al pie Del Mar (√∫nico positivo) se demoraron m√°s de una hora en traer los platos, los cuales ten√≠an una p√©sima presentaci√≥n. Algunos fr√≠os. Para terminar, la cuenta era un atraco (cerca de 25 usd por persona, lo cual es robo en cuanto a calidad y experiencia)"
65,"Salimos desde el hotel caminamos unas 6 cuadras hasta la zona del Hilton donde salen las lanchas a Tierra Bomba,tras negociar unos minutos arreglamos con el lanchero la ida x 20 cop (10 mil c/u)  destaco esto, como ya lo mencione en otros comentarios hay muchos turistas q pagan ida y vuelta y desp, la lancha no viene a buscarlos y tienen q abonar a otro el recorrido, picarda colombina, el mar estaba calmo (a la ida) en Febrero hay mucho viento x lo q en ocasiones el oleaje se torna √°spero,en 15 minutos est√°bamos atracando en la Isla, Playa Punta Arena, hermoso lugar con muy buena vista de la Ciudad zona, Bocagrande , El Laguito, esi bien el mar no es transparente en la zona tiene un color turquesa raro, el agua muy templada,  varios paradores nien preparados para el turismo, excelente atenci√≥n x 20 mil cop les proporcionan mesa sobra, uso de ba√±o e instalaciones si consumen alli no cobran la mesa, observamos la salida de un crucero desde puerto, pasamos una tarde espectacular, compartimos una charla muy animada con un contingente de Bolivia, luego con una pareja oriunda de Mendoza, como a las 17 emprendimos el regreso al continente, ya era otro el oleaje y se torno mas movida la vuelta, nada extraordinario.Si van a realizar excursiones lacustres extensas ej. Isla Rosario 1 hora y no les agrada la navegaci√≥n tengan en cuenta q Febrero como lo mencione es muy ventoso y se hace dificil la misma.Es dable destacar q en la Isla hay alojamiento frente al mar aparentemente de buen pasar."
66,"Cruc√© desde el sector el laguito en Bocagrande en unas barcazas, lo que me cost√≥ 10 mil pesos colombianos, esta me dej√≥ en la playa Punta Arenas. Recorr√≠ el largo de la playa caminando por la orilla del mar, lo que destaco es que es una playa hermosa, sin oleaje, agua turqueza y tibia, no tiene nada que envidiar a Bar√∫. Lo otro positivo es que los vendedores no te hostigan y en los restoranes de la playa solo basta con consumir el almuerzo para poder utilizar sombrilla y sillas de playa, hay varios restoranes para elegir. Es una playa muy bella, tranquila y segura, Fui sola y me pude ba√±ar sin problema. "
67,Fuimos a Palmerito un lugar lindo limpio alegre todo adecuado buena la comida y la atencion ..se puede descansar hay kayac motos de agua baile entretenido y una playa segura para nadar ....hermoso lugar
68,Buenas playas. Recomiendo tomar el paseo al beach club Palmarito beach.Que la pasen s√∫per en este lugar solo a 10 min de Cartagena.
69,"Un lugar para pasar la tarde, sino tienes mucho tiempo para visitar las otras islitas. Esta muy recomendable ya que no est√° lejos, max 10 min desde Bocagrande y los botes te cobran 15 mil pesos ida y vuelta.Hay opciones de lugar donde quedarte, alquilan sillas y hay restaurantes, los lancheros te dejan en los negocios ""conocidos"" por ellos ya que cobran comisiones por personas que llevan, as√≠ que si vas averigua antes las opciones que te dan de acuerdo a tu presupuesto. "
70,"es muy bonita la playa para tomarse fotos, el oleaje es perfecto, pero obligado se debe ir con zapatos de playa porque hay mucha piedra peque√±a cuando uno entra al mar"
71,Lastima se les ve lo abusivos piden mucho por una carpa 50 mil y las comidas 35-40 mil por plato eso es lo feo ahora de all√° Lo bueno es que las aguas siguen siendo muy claras y bonitas
72,"Que tristeza ver en lo que se convirti√≥ esta playa, hace 25 a√±os voy cada 5 a√±os y visito la Amada Santa Marta, trato de visitar en 10 d√≠as lo que m√°s puedo, todo es Hermoso, pero PLAYA BLANCA, esta muy fea, hasta la arena cambio mucho, no hay espacio, se adue√±aron de todo el espacio en la arena, lo llenaron de comederos feos y toldos, solo deber√≠an permitir 3 0 4 comederos y no m√°s!!.. no hay aforo de gente, durante el d√≠a llega y llegan  mas lanchas con mas gente hasta que no hay un solo espacio donde hacerse. La verdad me dio tristeza de ver esta playa, la primera vez q fui hace 25 a√±os era simplemente un para√≠so, hoy es un desastre!!.. q falla!.. muy triste!.."
73,"Un lugar demasiado lleno de gente, desordenado, un fiasco nunca volver√©, distanciamiento, aforo y protocolos de bioseguridad totalmente ausentes. "
74,Es una playa limpia y agradable muy cerca del Rodadero. Nos gusto a diferencia de otras que lucen sucias
75,"Restaurants are too expensive and they try to cheat tourist. They overchaged people. Los restaurantes son muy tramposos. Siempre se ""equivocan"" en las cuentas y terminan cobrando m√°s. Los platos son caros y no son buenos. En general ven al turista como una alcanc√≠a. Mejor ir al Tayrona o a otra playa e ir a un buen restaurante en el rodadero o parque de los novios."
76,Visitamos acuario y playa blanca con empresa taximarino...es la mejor opcion (no porque sea excelente) sino que las demas son peores... durante todo el dia no existe en ningun lado ningun protocolo covid... el acuario lleno total...nada de protocolos...no es malo...pero si muy sencillo...show delfines muy comun (hermosos los animales) playa blanca muy linda....muy...pero muy superior  a baru... mas limpia...menos venderores cansones
77,"Es un lugar hermoso, obviamente va mucha gente, pero uno se hace el ambiente, en lo personal quedamos encantados, nos fue muy bien en todo momento, desde las personas de la lancha que fueron siempre muy claros y correctos en la informaci√≥n, y en el restaurante la atenci√≥n y el servicio fue excelente. Vali√≥ la pena, muy recomendado el lugar."
78,"Fuimos entre semana y con reserva previa, pero realmente el tema del aforo es una gran mentira, habia demasiada gente y a nadie le importaba el tema del distanciamiento.. "
79,"Desde Rodadero sale taxi marino,te ofrece acuario + playa blanca por 60mil COL, si mal no recuerdo. Eso incluye la entrada al acuario y las lanchas desde Rodadero - Acuario - Playa Blanca - Rodadero. A las 15;45 es la √∫ltima lancha de regreso a Rodadero. El show de delfines en el acuario es a las 10:30 y 12:30, les recomiendo llegar al de las 10;30, para que despu√©s aprovechen playa blanca. En playa Blanca hay tirolesa, lo pueden tomar en el acuario hasta playa blanca o viceversa. Cualquier duda me consultan. "
0,"I was there on 1/2021 Cabo de la Vela, Guajira. The activities offered are: unforgettable views, delicious food and a visit to the desert and its beautiful beaches, with impressive sunsets.The service was very good, the people are friendly and you can share with many of the great people and their culture.What I liked the most was the starry night when I slept outside.I would go back because you can breathe and feel peace. a good place to reconnect with yourself."
1,The best place for kite surfing (I reccomend Tawi center) and more. A combination of desert and turquoise Caribbean sea.
2,"In 2020 I traveled to La Guajira, the experience was amazing. I stayed at Cabo de la vela, It was very enriching. It isn‚Äôt as the luxury destinities when we imagine beach, there aren‚Äôt hotels or luxury restaurants. We stayed in a hut with native people and It was very shocking to see the poverty of the zone, there is a shortage of water, food, clothes. But I was more shocked to see how friendly and nice were the people there, specially the children. I didn't have amenities but I could see the most beautiful sunset I have seen in my life and I could share with fascinating people. The food was very delicios, almost all I ate there was marine food and was yummy but very pricey because they live from tourism and prices are expensive. I still keeping a bracelet I bought to a around 4 years girl, It's heavy seeing a little girl selling handicrafts."
3,"The Cabo de la vela is located in La Guajira, Colombia. I was there 1 year ago I love this place because it is a beautiful destination, a‚ÄØ secluded place of the city weight with amazing landscapes, a place where the beach and the desert come together.  There, you can eat the typical gastronomy of La Guajira, sleep in the beach or in ""chinchorros"", do a tour for the territory, know the wayuu culture and if you have time, you must go to Punta Gallinas to have a complete experience of La Guajira. Our Guide was wonderful, he shows and told us all the places and mistakes of the Cabo, such as the souls in the Pilon de azucar or how‚ÄØ the rainbows are formed in playa arcoiris.‚ÄØ La Guajira is a Magical place, it had many adventures to you‚ÄØ"
4,We stayed at the Hilton Beach and Golf Resort but didn‚Äôt expect to find great Restaurants on the premise which pleasantly proved me wrong.  We dined at the Italian restaurant Cabo de la Vela and everything we ordered were delicious and the presentation were just as good!  The service was impeccable and friendly!  The Mexican restaurant here was also very good!  A lovely experience!
5,"a place where it seems to see the limits of the world, nature, peace, sunsets and dreaming that these infinite spaces remain unchanged for life"
6,"Made the trek from Riohacha - Cabo de Vela with the idea to continue on to Punto Gallina. To tell you the truth don't bother.  This is one of the hottest, most arid, devoid of anything places that I have ever visited. The village of Cabo de Vela is a series of shacks strung out along the beach.  Water is a huge problem here so you need to carry gallons of it with you.  Hotels are incredibly rustic + food not much better. Its  crazy sunny, crazy hot + and even crazier windy - all the time! It's a great place for kite surfers + watching them is a lot of fun ... but besides watching the kite surfers for an hour or so, the rest is a big, hot, windy snooze.  Basically you are in the midst of a big huge coastal desert with an expanse of desert stretching to Venezuela on one side and the Caribbean on the other. The fact that you are at the most northern point of South America is kind of cool ... but the rest is one big hot, humid, arid, sunny, windy mess of a place. Only for kite surfers + the truly adventurous traveller!"
7,"Excellent place if you want an adventure far from technology, lovely landscapes. This was possible thanks to Magic Tours"
8,"We went here for 2 nights. The place is great for kite surfing and it's quite a special place to visit. It is a shame that it is very polluted (plastic everywhere). Accommodation is basic but there are some good places, washing is with bucket of water and electricity is generally from 6 until about 9pm although apparently there are places with electricity until later.The first night we stayed in accommodation without electricity (although the owners kept telling us there would be electricity any moment) and on plastic matrasses. On the second night we found a nicer accommodation in Cabanas. As a gringo, be prepared to be seen as a walking wallet by many of the locals. Unfortunately many of them seem to lie and just tell you what they think you want to hear in order to get you to buy. We ""booked"" a tour to Puntas Gallinas but the car never showed up. After a couple of hours waiting we managed to get our money back but weren't able to go anymore because it was too late, the tours leave around 5-6am.For food ask for the price before ordering or order from a menu. Also lock up your stuff when you're away,get a room with a lock if you've got valuables. We heard about multiple robberies from other people we met while in town. You can buy nice souvenirs (ie the wayuu bags) here for way less money than in the bigger towns and support the community this way. Would still recommend to visit just be prepared and check online for how much things should cost."
9,"We have had a very good 3 day trip to La Guajira with Kai Ecotravel. The communication with the office (for booking and preparation of the trip) was excellent, and we were lucky to have Victor as our guide. His english is excellent, as well as his knowledge of the area. Moreover, he is making sure that you are having a good experience, while keeping you safe at the same time. We spent one night in a chinchorro, and one night in a double room. I must admit that the room was more comfortable, but it was also a good experience to sleep in the chinchorro. At each meal, one drink was included, which is also nice. I wish we had chosen the 4day trip, as we would have loved to spend more time in this fascinating part of Colombia! "
10,no hay palabras para expresar. la belleza naturallun regalo de Dio para mankind's the beach the great body of water the. sand so white the birds ü¶Ö the eguanas so beautiful
11,"This place is packed like a theme park and its during Covid. People are set up under the umbrella that I paid for.  Kids everywhere and the boats keep coming.  Great if you have a bunch of kids.  Absolutely horrible for a couple or anyone else that wants a calm day at the beach.  Either way, swim with your mouth closed. Never again. "
12,"Most say, really nice. Food was great! Coco loco were good! Snokeling was pretty and i saw 2 big rays swimming by! Leguana's on the beach. Great weather"
13,"Another thing I was tasked to do for work. A terrible, frightening nightmare of an experience. Tons of people packed, and I mean packed until you couldn't breathe on a rickety boat. Hoards of tourists departing from other boats. People picking the stingrays out of the water and posing with them.Feeding them items that will kill them. I literally saw a sting ray die right before my eyes."
14,"This is a true paradise, the water is cristal clear and tones of blue and turquoise are just amazing. Lush vegetation, the palm trees are beautiful. Around the island the rock formations and the water are great. The short ride to get there is wonderful as you glide through the beautiful ocean. A must do!"
15,"It is a trip, but not that good to go in the beach, because there were a lot of rocks and seemed unsafeEs un lindo paseo, pero no tan bueno para ba√±arse porque hay muchas piedras y es un poco inseguro por la cantidad de olas y piedras  "
16,"Johnny Cay, it is a beautiful small island just a short boat ride away from Playa Spratt on San Andres Island.  My group of five opted to pay 5000 extra COP each to hire our own boat and ‚Äòhost‚Äô for the island. This was the best decision, not only did he secure us with shaded seating but also took care of all our drinks and food. We were able to leave the island when we choose and weren‚Äôt jammed pack into one of the tour boats.The island is busy, it can be loud and it is not exactly cheap for food and drink since you can not bring your own. However, in saying that nothing in Colombia is overly expensive.  Take the time to walk around the island, you can do the whole island in approximately 20 mins, but the back of the island is just as beautiful as the front just in a different way. "
17,"Crayon-like blue water, lots of fish and a nice view. It is worth taking a tour there while visiting San Andres"
18,We purchased a 6 hour trip to two cays to include lunch and snorkeling.  When arrived we was told that the trip was not happening and we was rebooked on an afternoon trip.  We was told we could not  get a refund.  So what we got for 45 usd each was a harbor cruise with over priced drinks.  I wish I could give a zero rating.  What a scam 
19,"This key should be in tip top shape if the people in charge would care more about the safety of the tourists that visit the San Andres island yearly. There is not a pier, a loading dock, for the boats (lanchas) to safely and properly disembark passengers. My niece's legs almost got crushed with another boat that hit our boat while attempting to get on the beach.The waves are constantly breaking strongly at the beach...especially if it is a windy day, such, as the one we encountered that day.It's a real shame they don't built that pier, with all the money the government gets from the ""special fee"" they charge the tourists.Millions of dollars collected yearly.This Johnny Cay needs a lot of improvement. It is an accident waiting to happen...until someone gets badly hurt or dies...then, maybe someone will do something about making it a safe place for tourists. "
20,"The sand area us small, tiny. Keep an eye out for little ones as they might wander off to water without you realising. The place has sellers who hound you until you buy."
21,"As a TripAdvisor DESTINATION EXPERT for Colombia with 30 years of visits and now living 4 years in Medellin and exploring just about every city large and small - it is my pleasure to provide this reasoned and accurate review of Playas de Palomino.Unfortunately the beach has all but eroded away and I am told that they lose a few meters of beach each week. The current, the strong waves, the pounding surf? What is causing it who knows.I stayed in Palomino hotel directly on the beach in mid November 2020 and went to take a swim but found it almost impossible as the rock and boulders right under the surf line will make it all but impossible for a person to enter into the ocean without shoes or rubber boots, it is that bad and here I sit almost two weeks later and still have pain in my feet as I attempted to swim.I also look at older photos and see how beautiful the beach use to be but now look at my photos and you will see that it is almost gone.Despite this I was able to take some great walks and just look at some of the photos I took. Oh mother nature is both a beast and she is beautiful as well."
22,Palomino tiene una alma magico!! We recommend to visit especiallly during the slower seasons when there are less tourists. 
23,Make sure you walk right when you come onto the beach for about 40 minutes for a stunning uncrowded stretch of stunning beach.
24,"Palomino is not a beach destination anymore. During the last couple of month the sea swept away the beaches.  Hotels, restaurants are almost falling into the ocean, some are already closed. "
25,"No sure if the other positive reviews here ever saw a real beach or if these are from the hotel owners there but if you're looking for a beach you will be disappointed to see that there is no beach and the small sand line that remains is over crowded of bored tourists who can't swim because you can't swim as there are too many currents and waves .. Overall this place is a trash everything is dirty, chaotic constructions everywhere, over priced low cost hotels .. Just avoid this place .."
26,"Poor city planning or lack of enforcement along the waterline has crippled this poor town. The one redeeming quality, the beach, has been washed away. So now crumbling structures line the water's edge, making it impossible to access or enjoy the beach at all.  There is also a scruffy, druggy vibe, many unfinished structures, and garbage. This could have been such a cool place but it currently is not cool at all. You can sense the sadness of the locals. Definitely has bummer vibes. Perhaps another storm will redeposit some sand in the future."
27,"Well, as you are there, better enjoy what‚Äôs really nice: the sea water temperature. We decided to eat somewhere, we found a restaurant at the Hostal Villa Delia. Let‚Äôs say that the rice with shrimps was delicious and enough for two people. Other than that we had nothing else to do in Palomino. It‚Äôs a very ‚Äúcommercial‚Äù spot in this area and very locally touristic. Beach isn‚Äôt nice, but ok, it‚Äôs not a real Caribbean beach. It‚Äôs, let‚Äôs say: a 2 stars beach. "
28,"Confused by some of the bad reviews of Palomino beach - it‚Äôs really nice! We‚Äôve been to beaches across Asia and South America and we were still impressed by this one. We stayed in a Palomino for a week and went to the beach and swam every day. Yes it is narrow, but there‚Äôs still more than enough space to lay down, you can walk all the way along (about 15 minutes) to get to where the river meets the sea, which is really nice, and there‚Äôs a few restaurants there where you can get fresh fish and drinks. It‚Äôs also really nice because it‚Äôs not built up, so it‚Äôs just palm trees, beach and sea. You can happily swim there, the waves are really fun to jump around in, and it‚Äôs not a busy beach apart from at the weekend. Would definitely recommend!"
29,"How can anyone give this place 4 or 5 stars unless they have never been to the ocean outside of a huge city. Muddy and horrible road leads to an unpleasant narrow strip of sand with a brick building and a couple dodgy restaurants. Also absolutely no ""cool vibe"" as everyone seems to describe. Baffling."
30,Terrible road and so many bad things like dirty place with no safety for cars and pedestrians!!! Please don‚Äôt go to this place!! People use the sombreros and massages to ask money and it is a very bad experience!!
31,"August 30th- The beach and water were really nice but the vendors were extremely annoying. the only way you could avoid them is to go in the water but most of the time they follow you in there too. Behind the beach ( where they cook food) is absolutely disgusting, filled with flies and bugs and poop. The restaurant that we ate at was not too good, food portions were very small and their was very limited menu. There was so many boats in the water and very just a very uncomfortable place to swim. It was not the relaxing day we expected. it was really stressful."
32,Very beautiful beach. I was hesitant to go at first after reading some of the reviews. The best way is to find a good driver who can take you and wait for you. We found a good driver for 65  US dollars. We rented two beds for about 13 US dollars. 
33,"A friend who live in Cartegena had a small hut in Playa blanca and he took me out there for the day for a view. It's a 35 minute ride from Cartegena and it range from 45-70 K pesos or public transportation and taxi will range you 20-35K if you want a different adventure. To get to the beach, you turn on a bumpy unpave road that a 1/4 mile long and my first thought was really? A main attraction area with plenty of money coming through and this isn't resolved. But before the turn, there's a bunch of guys trying to stop the car to get paid ahand out. But there's options for boat travel as well that would cost 50K pesos.  I foundthe beach to be dirty with full of makeshift housing with no AC and lots of hammocks to sleep in. It's cool at night but the mosquitos are plentiful and not too many hostel thought of mosquito nets. The food is fine but you're in competition with the flies to eat. Overall, glad it was my friend place and not mines. Not my style of beach living."
34,"Isla bar√∫, Cartagena - ColombiaFirst step is that you are in Cartagena, then you cango in your car or you can take a bus.I was in Bar√∫ Island two years ago.in Bar√∫ Island, you can swim in the sea, you can fish,you can drive a boat, you can ride in yate, you cango to the luxury hotels, you can drink cocktails,you can drive quad bike, you can do extreme water sports and more.I like Bar√∫ island becuase I can do many things, I likethe sea and I like drink cocktails.I liked bar√∫ island in general.the services was amazing buy the services was very expensive..I liked the most was the beach.I would go  back because I felt a expercience fantastic."
35,"If you want an antithesis of a ""relaxing day at the beach"", by all means go. Or if you  want to have a stressful day or an unusual experience. Unfortunately in the entire Cartagena area, there is a culture of extreme disrespect of tourists. You are viewed as a bag of money and everything is done to make you part with it.Since the very moment you appear on the beach, you are surrounded by peddlers. They will latch onto you and will continuously try to sell something or just find some other way to get your money. This are not your usual beach salesmen. These don't take no for an answer. Every couple of minutes they bother you and forcefully push something onto you. Just like another reviewer said, the only time you can relax is when you are in the water and not too close to the shore. At the end you just want to leave as soon as possible - it feels like a constant war against the peddlers.The snorkeling tour is a joke - you don't get a breathing tube or fins, only masks, so you can't really snorkel. Also there are no corrals or other marine animals, only fish.The beach would have been OK if not for this, but it's nothing special compared to Mexico and other places."
36,"I‚Äôve never been more uncomfortable a day in my life, let alone a day that was supposed to be relaxing on the beach. Traveling by car, locals stand in a line in the middle of the road to force your car to stop just to try to sell you a stop on the beach. If you say no, they sprint after your car, reaching in the windows and banging on the doors. When you finally arrive on the beach, you are swarmed by seller after seller, many who don‚Äôt want to take no for an answer. The only way to avoid their harassment is to go in the water, which you can only do for so long. On top of this all, the people who you do choose to buy something from are liars. Our check for our breakfast and drinks came and was $250.000 pesos instead of $130.000 pesos. We left the beach early because it was excruciatingly stressful... the exact opposite of what it‚Äôs meant to be."
37,"Playa Blanca is one of the most beautiful places I have visitedüòç. White sand, crystal water. RECOMMENDATIONS: 1. Take a tour... it will be cheaper and it includes lunch ü•ô and snacks 2. Only cashüíµ is accepted 3. Bring your drinks since they are expensive at the beach (you can rent a cooler with ice for $5)4. ‚ö†Ô∏èYou will find people offering massages. BE CAREFUL!  Don‚Äôt let them touch you ‚ùóÔ∏è‚ùóÔ∏èThey‚Äôll charge. VERY EXPENSIVE. They won‚Äôt even ask if you agree ‚ö†Ô∏è Even If it is only on your feet they will charge!!!"
38,Unless you are used to the perils of over crowded third world places I would avoid.  First the road is not in good shape. Next you will litterally be run off the road Litterally! Before arriving by people selling you fake shopping crap   You pay to park then have a rough walk down to three beach. Doable but not for all.  The beach is pretty but practically nobody running the place so jet skis ans boats nearly hit people every 5 minutes.  You will have to bargain for your place to sit. Then expect prices to change when you go to pay. The waves are a bit strong - not for kids   You will be harassed nearly the entire time by people selling crap It may be close to cartegena but just not great. 
39,"Very beautiful beach! While it is really touristy, it is definitely worth at least a day trip. We loved it!"
40,"I was in this beautiful place four or five years ago, I really do not know when it has changed, but I had a quite pleasant experience, the water is so crystal clear that you can see the small fish passing by your side, they offer the services of food, recreation and transport"
41,"What a really nice spot outside of the public beaches of Santa Marta. Besides the sure beauty of this beach and the surroundings, no vendors harassing you every 2 minutes. Nobody bothers you to buy unwanted trinkets. Also, be ready for the bus ride on un paved roads for 45 minutes each way. It was worth it to me. The food was very authentic too."
42,"Be aware that the people working on the boat archange Uliel are thiefs. When you give them you bag to keep it away from the water, they steal money. I wen to the police and they said it happened many time before. The problem is that if you keep your bag with you, it will be completely wet. Police took this matter seriously so let‚Äôs see how they can handle it."
43,Very nice and pleasant stay at Crystal beach. The water is super clean and you can see many yellow fishes very close to the sand. There are available chairs/umbrella to rent and a small restaurant.
44,"Absolutely the best beach in Santa Marta. Beautiful water and reefs to snorkel in. Plenty of fish to see while diving. Had an amazing time there just soaking up the sun and sand. Food was good and you will not find a better place to relax than this beach. Ride in on the road is a little rough, but well worth the journey and the locals are friendly and helpful the entire time you are there."
45,Very nice beach near Santa Marta. I used a travel agent to get there but you can also do so on your own. It is a part of Tayrona National Park. After a relatively short drive through the forest/jungle you need to hop on a boat. The beach has local food venues so you will not lack anything... except for the towels which you need to take yourself.
46,0ne of the prettier beaches that I saw in the area.good views lots of  Colombian families great time in nature.
47,"Tayrona could be reached by sea or by land. By land, you need a ticket to purchase ahead ot time.By sea the boats leave from Rodadeo or Santa Marta and are much more enjoyable .  .  .except when there is a lot of wind (60 to 80 MPH) and the boats do not leave.Before leaving, ask for the right season to visit this beautiful park."
48,"To all fellow travelers this is a warning to all planing to take a boat ride to playa crystal...please do not under any circumstances take the boat, please go buy bus. Here is why: Do not get disillusioned by the calm bay of Taganga because as soon as the boat goes around the corner the sea becomes wild and rough and the waves can reach up to 5 meters. The boat is a small fishing boat with a captain who does not seem to care at all about safety or about the lives of others. The waves got so high and everyone was just screaming and panicking on the boat but the captain did not bother about us at all.He just went on faster and faster and most of us on the boat thought that it was game over and that we would die. When we finally arrived at playa crystal i told the captain that it was irresponsible of him to take us out with such rough seas and he just laughed and replied by saying that the sea was not rough, that this was a totally normal condition! I wonder how many have not made it to playa crystal and have landed up drowning in the sea.  A trip by boat from Taganga should be illegal! Worst experience of my life!!!"
49,"I was not sure if we should take the bus or boat because I read bad reviews of the boat and I wasn't sure if my elderly mother and father in law would be able to handle the rough ride. In the end they decided not to go and I'm so glad because they would not have been able to even get into the boat. There is no dock or pier so you need to be able to jump from the ground up on to the side of the boat and then swing yourself inside. An easy task for some but not all! The boat ride was really rough; in the front the people were bouncing all around from the waves rocking the boat, and in the back we were constantly sprayed by waves so much that I could barely keep my eyes open. When we got to the beach it was completely packed and not the tranquil paradise we were promised. I understand that it was high season but I honestly would have preferred to stay in Santa Marta than spend the day on that bumpy boat ride and crowded beach. Next time I would take the bus and go to a different beach."
50,"Crystal clear water and a nice view. Don‚Äôt have bathrooms or bars, it‚Äôs just a beautiful beach. You can park the mulita along the road. "
51,"When you do your trip around the island in a rented car, you must stop in San Luis! There are very few tourists, that`s why we could see a lot of fishes, this beach is not crowded as Sprat Bight and Rocky Cay. There were chairs in the sand, i beleive they were from some hotel nearby. But in the part we stayed, there was no place to buy food, we brought our own."
52,"Much cleaner beach then San Andr√©s main beach, worth the bus trip out every day, great views, chilled out beaches there's a really good beach front restaurant which isn't super expensive and the portions are good too! "
53,"The water is calmer than in other sides of the island and it's very clear.As a recommendation for this and many places in San Andr√©s, we could help as tourists getting some dog food, and leave it in different spots or feed some dogs, since the locals seem not to care about them."
54,"In my opinion it is just ok  place , food was good. I had fish , if you buy food there they don‚Äôt charge you for the Chairs and table for all days. No fish to see there  you need to swing far to see if any lol Over all was ok "
55,"This side of the island is the best option for people who prefer calm atmosphere though in weekends some people use to get there and put outloud music on their cars, but most of the time this is a really quiet place."
56,"It's a good beach where you can have some drinks like the famous ""coco loco"". The beach is ""small"" (not a great ""sand"" area), but the natives provide some chairs so you can get some sun with no cost, you pay only what you drink for. "
57,"We only spent an hour or so in San Luis beach before having lunch at Donde Francesca. Maybe we got lucky but it was completely empty. White sandy beach with transparent blue water, no waves. The most beautiful beach in San Andres."
58,"Hands down the best beaches of San Andres.  They are not just sand but lots of rocky formations found that let you take great pics, and a few feet away from the shore and you can find coral formations and plenty of fish and marine life to observe.  If you go to San Andres, visit the San Luis beaches.   Amazing.  Las mejores playas de la isla.  Muchas formaciones rocosas para tomar fotos espectaculares y a solo unos metros de la costa se puede apreciar una abundancia de vida marina.   Totalmente recomendado."
59,The san luis beach is a bit more off the grid than the main beaches since its on the other side of the island so you can get a bit more privacy here. The beaches are always white and the water has different tones of blue. This place is great for picture taking and getting into the water.
60,"We booked Marina beach club directly via e-mails. It was not cheap but covered boattrip, welcome drink, some fruits, lunch, covered sunbed, toilet, shower. The club itself is very pretty, nice design, comfortable, well kept, Everybody was very polite and helpful. There is wonderful view on Bocagrande.. it is very pleasant and relaxable place if you like to stay in one place."
61,great place great view safe and clean  good ameneties nice beach and waves good food and panoramic recommended 
62,"Got approach by a tour vendor  while having breakfast,  offering tours showin pictures of his boats, said it was 40.000  had hard time contact him next day that was a sign I SHOULD  paid attention,  call me back later trougth was up and meet us at boca grade beach  said that we had to talked to his brother about pricing charged like 200.000 for the whole thing, wich I thought it was gonna b nice we got to  tierra bomba beach, nobody there he said people come later but nobody went there had some kiosks and beach chairs and a restaurant with some locals, only locals walk by beach some in motorcycles  and some with machetes OMG!! we wanted  do diving cuz the said is ok,  it wasn't they said we had to walked  a little for better diving  but the said it was dangerous walking around,  lunch was ok,  no public bathrooms, only had one no ok bathtoom, Beach was ok,  charged for xtra drinks, one gay from restaurant wanted trade our diving equipment for some cook dinner with fish we said not,,  ride back  just ok,  overall  terrible overcharged  be aware of these guys they are  scammers.  We can get better for less price.  I hope police control these people some day."
63,"That was my mistake. Everyone, but everyone went to the beach on Sunday. We got a boat from El Loguito fairly early in the morning. It wasn't crowded then and we walked a short distance being told it would be quiet and not loud music. I went for a walk and not too far away found a beautiful beach by a hotel. Two other children and I played in the water. Few people were there. When I returned to my friends, the beach area was PACKED and the MUSIC was loud. No one seemed to mind to throw their plastic cups on the beach and the motorized boats are constantly coming into the swimming area. Between the heat, the boats and so many people in the water, I felt it was unsafe and stopped swimming.  A family of 4 sitting by our side polished off a bottle of Johnny Walker. I should have exchanged this day to stay at our beautiful condo in Boca Grande. The only thing good was the red snapper that I had for lunch. It was well prepared I enjoyed it with an alcohol free cold Pina colada made from fresh pineapple."
64,"We went there for one day. The trip and also the island is disappointing. Save your time!If you want to know why: We bought two one-day-tickets for each 55‚Äô000 Pesos which should include the boat, taxi-costs and also the food. At the end of our day, we had to pay additionally for lunch and the seats at the beach (another 170‚Äò000 Pesos!). The police couldn‚Äòt help us and we didn‚Äòt get any money back. Also, we weren‚Äòt able to enjoy the time there because every guy trys to sell you all kind of stuff. "
65,It was definitely worth it we had a blast. Great Escape from America and enjoy the simple things in life
66,"We visited Tierra Bomba with one of the boats starting in Playa Castillo Grande. The boat was yellow and the captain introduced himself as Mike. He charged us more than the recommended 15000$ but we agreed to pay it without much bargaining. He promised to take us back at certain our and said that we have to pay the round trip at the start. He brought us to the island and never came back to pick us up. The island was nice but the beach not particularly clean, water the same color as in the city beaches of Cartagena."
67,"Cartagena Columbia - Our best surprise, clean, fun, Port, went to Teirra Bomba island, private excursion to a private beach bar location the Beach Bomba, we got to arranged pick up area, there was 8 of us, quick boat ride and great beach, water, beer, food Pina's, etc With great friends from the ship."
68,"We went to Bomba Beach yesterday as a party of 8 from Canada, Australia & California.  We were part of a RCCL Panama Cruise with Cartegena as one of our stops.  Our friend from Canada found this place before we set sail & we checked out their reviews on Trip Advisor before we made our reservation which overall were good.We enjoyed adult beverages, beach time and a few had massages for a great price. There are many beach vendors trying to sell beads, hats, scarves, oysters, etc.  You just have to tell them you‚Äôre not interested and move on with your day.  There were dogs around the beach lounging around, but were not aggressive whatsoever.  My husband fed a few and stated they slowly took the food from his hand.  They did not jump on tables and were well-behaved.In order to avoid missing the boarding time back on the ship, they offered to take us back early at 2pm instead of their normal first boat departure of 3pm.  The owner even traveled with us on the boat ride back where the boat dropped us off at a dock in the yacht harbor closer to the ship for a small fee.  He wanted to ensure we made it back. Overall, we had a great time at Bomba Beach Club!"
69,Tierra Bomba is a beautiful island with amazing views are the Cartagena skyline. It may be best if you book directly with a beach club/hostel on the island if you are coming from Cartagena. There were many vendors trying to sell services where the boats leave for Tierra Bomba. We read that some are very unreliable and aggressive. We booked with Bomba Beach Club and had a smooth experience. Needless to say if you are looking to get away from the crowded and vendor filled beaches of Cartagena this is an easy 15 minute boat ride away.
70,The only way to get there is by boat. The scenic pictures shown on the internet are nothing like. Black sand and cold water. It has nothing to do with playa Blanca.Do not buy the package with meal included. They tell you that you can choose from 3 different restaurants but when you get there is the same kitchen serving 2 areas.
71,A very nice beach but very expensive if youre a tourist.. the prices are over inflated...just be careful to ask before you get anything...
72,"We visited this beach coming from the Aquarium, thru the Canopy. The view from the top was wonderful, but when getting to the beach itself we noticed the sand was dark and it has lots of rocks, need to be careful when going to the sea. We also expected to leave later but when we were there they said the mast boat is at 3:40pm as the beach needs to be empty by 4pm. This is also a very busy beach that gets full very fast, so make sure you head there early in the morning.The good thing is that it‚Äôs very close from Rodadero beach, less than 10min by boat."
73,There is 2 ways to get to this place. One is by chalupa ( small boat ) or hiking up and down the mountain. The place offers clear waters to swim and snorkel with some restaurants to choose from. Cable attraction is a must if you are up for some adrenaline. They will have tents and chairs for rent and lots of water adventure plans for all ages. 
74,"Nice beach to visit, but can get over crowded at times. Plenty of activities for all and good food and drinks are available. Worth an afternoon"
75,"Rocky as hell careful you may cut your feet , l cut my left foot with one of those rocks ! Good luck"
76,"Expect to be charged for everything.  Shades are twice as much as other beaches, food expensive and not good, even the zip line payment was ""incorrect"" and they tried to squeeze extra cash out of us.  It`s a money making machine.  In one restuarant, not only was the fish 40,000 COP, they said to cook it was another 4,000...!!!  Avoid.  There are better ways to throw money away."
77,"Playa Blanca is a very beautiful place, you can enjoy in the company of your family and friends. You have a lot of fun. I really liked fried fish and that I could be in the company of my family, living beautiful moments"
78,"Playa Blanca was a real highlight of our whole Colombia trip. Be prepared for LOTS of people and also being approached at least every 5 or so minutes by vendors, however they are all polite and lovely and move on if you‚Äôre not interested. We stayed the night at the very last hostel along the beach which was great as it was quieter and less people/vendors and we basically had our own swimming area so would recommend doing the same! Crowds also die down heaps in the evening and morning. We felt very safe the whole time however did have a friend who ventured off by himself a bit away from the crowds to take photos and did get robbed, so as much as the crowds can be annoying they are better than the potential alternative!"
79,I highly recommend to go to as much Tayrona's beaches as possible. This is an amazing place to spend a few days visiting different beaches.
